{
  "classification": {
    "cv_scores": {
      "RandomForest": {
        "accuracy_mean": 0.871689497716895,
        "accuracy_std": 0.009290862990582559,
        "f1_macro_mean": 0.8446065746803338,
        "f1_macro_std": 0.014568715962074246
      },
      "GradientBoosting": {
        "accuracy_mean": 0.8684931506849315,
        "accuracy_std": 0.009643247526001326,
        "f1_macro_mean": 0.8430387154099466,
        "f1_macro_std": 0.01912938070468785
      }
    },
    "best_model": "RandomForest",
    "holdout_f1_macro": 0.8426206018590068,
    "holdout_report": {
      "Low": {
        "precision": 0.8985507246376812,
        "recall": 0.9429657794676806,
        "f1-score": 0.9202226345083488,
        "support": 263.0
      },
      "Moderate": {
        "precision": 0.8037383177570093,
        "recall": 0.6991869918699187,
        "f1-score": 0.7478260869565218,
        "support": 123.0
      },
      "High": {
        "precision": 0.8363636363636363,
        "recall": 0.8846153846153846,
        "f1-score": 0.8598130841121495,
        "support": 52.0
      },
      "accuracy": 0.867579908675799,
      "macro avg": {
        "precision": 0.8462175595861089,
        "recall": 0.842256051984328,
        "f1-score": 0.8426206018590068,
        "support": 438.0
      },
      "weighted avg": {
        "precision": 0.8645423807185648,
        "recall": 0.867579908675799,
        "f1-score": 0.8646379953086294,
        "support": 438.0
      }
    },
    "confusion_matrix": [
      [
        248,
        15,
        0
      ],
      [
        28,
        86,
        9
      ],
      [
        0,
        6,
        46
      ]
    ],
    "labels": [
      "Low",
      "Moderate",
      "High"
    ]
  },
  "regression": {
    "rmse": 10.091105298604198,
    "mae": 7.985085068724333,
    "r2": 0.977895718396651
  },
  "clustering": {
    "k": 3,
    "cities_by_zone": [
      {
        "city": "Bangalore",
        "zone_name": "Low-risk zone",
        "pm25_mean": 20.156739726027396,
        "aqi_mean": 40.24219178082192
      },
      {
        "city": "Chennai",
        "zone_name": "Low-risk zone",
        "pm25_mean": 24.211972602739728,
        "aqi_mean": 47.50821917808219
      },
      {
        "city": "Hyderabad",
        "zone_name": "Low-risk zone",
        "pm25_mean": 28.429506849315068,
        "aqi_mean": 55.1186301369863
      },
      {
        "city": "Mumbai",
        "zone_name": "Low-risk zone",
        "pm25_mean": 38.582,
        "aqi_mean": 74.07150684931507
      },
      {
        "city": "Kolkata",
        "zone_name": "Moderate-risk zone",
        "pm25_mean": 61.09654794520549,
        "aqi_mean": 117.73808219178082
      },
      {
        "city": "Delhi",
        "zone_name": "High-risk zone",
        "pm25_mean": 91.57583561643835,
        "aqi_mean": 176.64904109589042
      }
    ]
  }
}